时间切片,85th覆盖率,88th覆盖率,90th覆盖率,92th覆盖率,95th覆盖率
09:35,100.0,100.0,100.0,100.0,100.0
09:45,100.0,100.0,100.0,100.0,100.0
10:30,100.0,100.0,100.0,100.0,100.0
14:00,100.0,100.0,100.0,100.0,100.0
14:45,73.33333333333333,73.33333333333333,63.33333333333333,63.33333333333333,56.666666666666664
